{"cameraMode":{"drawMode":0,"name":"Shaded","section":"Shading Mode"},"sceneLighting":true,"audioPlay":false,"sceneViewState":{"showFog":true,"showMaterialUpdate":false,"showSkybox":true,"showFlares":true,"showImageEffects":true,"showParticleSystems":true},"in2DMode":false,"pivot":{"x":-23.36683464050293,"y":1.5800484418869019,"z":5.139581680297852},"rotation":{"x":-0.04828447848558426,"y":-0.7343155145645142,"z":0.052514590322971347,"w":-0.6750712394714356},"size":1.4415278434753419,"orthographic":false}