{"cameraMode":{"drawMode":0,"name":"Shaded","section":"Shading Mode"},"sceneLighting":true,"audioPlay":false,"sceneViewState":{"showFog":true,"showMaterialUpdate":false,"showSkybox":true,"showFlares":true,"showImageEffects":true,"showParticleSystems":true},"in2DMode":false,"pivot":{"x":-11.255623817443848,"y":-5.07267427444458,"z":101.45706939697266},"rotation":{"x":-0.05784207955002785,"y":0.028725633397698404,"z":-0.0016686212038621307,"w":-0.997920036315918},"size":46.02301788330078,"orthographic":false}