{"cameraMode":{"drawMode":0,"name":"Shaded","section":"Shading Mode"},"sceneLighting":true,"audioPlay":false,"sceneViewState":{"showFog":true,"showMaterialUpdate":false,"showSkybox":true,"showFlares":true,"showImageEffects":true,"showParticleSystems":true},"in2DMode":false,"pivot":{"x":216.11302185058595,"y":-74.46411895751953,"z":-434.98699951171877},"rotation":{"x":0.018156446516513826,"y":0.9681167602539063,"z":-0.0736190527677536,"w":0.23875802755355836},"size":259.3536376953125,"orthographic":false}