{"cameraMode":{"drawMode":0,"name":"Shaded","section":"Shading Mode"},"sceneLighting":true,"audioPlay":false,"sceneViewState":{"showFog":true,"showMaterialUpdate":false,"showSkybox":true,"showFlares":true,"showImageEffects":true,"showParticleSystems":true},"in2DMode":false,"pivot":{"x":52.46442413330078,"y":-22.34665870666504,"z":25.736669540405275},"rotation":{"x":0.08929473161697388,"y":0.6231065988540649,"z":-0.07190544158220291,"w":0.7736994028091431},"size":56.71268844604492,"orthographic":false}